,version,soc_t_dep
0,Economic,61.935517944192966
1,Economic,51.50598674610178
2,Economic,42.955221727384824
3,Economic,36.59946297165382
4,Economic,31.00765882101348
5,Economic,38.3653889386356
6,Economic,31.990299530266995
7,Economic,49.401485468997045
8,Economic,49.76376539984339
9,Economic,38.805950350627086
10,Economic,24.31931315413489
11,Economic,25.55968958900771
12,Economic,20.935370042289325
13,Economic,21.58302743801425
14,Economic,43.88168628289158
15,Economic,63.921871795793415
16,Economic,53.8255350898886
17,Economic,43.475406663989915
18,Economic,29.83286798437021
19,Economic,23.27223983219763
20,Economic,24.093670104512547
21,Economic,59.15183341521274
22,Economic,45.745956329004315
23,Economic,36.137602434771296
24,Economic,26.577202320425997
25,Economic,24.887375420618394
26,Economic,20.85780295332978
27,Economic,28.484666880393743
28,Economic,70.42823383498613
29,Economic,65.50768988972261
30,Economic,60.63144786359763
31,Economic,70.26319566070467
32,Economic,96.3395328768995
33,Economic,83.46507461297091
34,Economic,65.42450031700271
35,Economic,100.0
36,Economic,100.0
37,Economic,87.89333582206164
38,Economic,72.78110863967001
39,Economic,72.9912941761659
40,Economic,59.53417433819915
41,Economic,47.78398815321865
42,Economic,29.6987160189842
43,Economic,26.661806440219603
44,Economic,24.79724689145183
45,Economic,21.580624106865823
46,Economic,37.48651837820651
47,Economic,25.8287846180148
48,Economic,21.319448576363865
49,Economic,54.45198592553972
50,Economic,38.7241755629603
51,Economic,25.51134469459339
52,Economic,25.55565961850967
53,Economic,33.45588287591189
54,Economic,27.590008015808337
55,Economic,51.04726766520764
56,Economic,38.985123122905655
57,Economic,62.14053933971765
58,Economic,45.255169756926904
59,Economic,29.389534986094546
60,Economic,24.58817894731697
61,Economic,25.32088335497115
62,Economic,33.46577318830703
63,Economic,18.863866388295268
64,Economic,32.906592777158465
65,Economic,49.56982686652772
66,Economic,36.6019880723044
67,Economic,24.013372564850503
68,Economic,27.639306925434333
69,Economic,28.56382403956784
70,Economic,24.56839796572681
71,Economic,30.94896568357604
72,Economic,35.62159023627153
73,Economic,45.600473356986875
74,Economic,33.44259616308178
75,Economic,24.638442190301856
76,Economic,22.547404424342727
77,Economic,22.16511888543593
78,Economic,31.30705412495194
79,Economic,31.523520658850217
80,Economic,59.27483055233008
81,Economic,57.0038691591073
82,Economic,53.98251732164846
83,Economic,61.935517944192966
84,Economic,51.50598674610178
85,Economic,53.97038274625545
86,Economic,64.46647584237635
87,Economic,76.93022724729165
88,Economic,85.9116852349312
89,Economic,79.5365958265626
90,Economic,72.87370769121915
91,Economic,49.76376539984339
92,Economic,38.805950350627086
93,Economic,54.24612429366644
94,Economic,79.97175592300769
95,Economic,83.01228419892374
96,Economic,73.1880252677455
97,Economic,62.71610894084234
98,Economic,63.921871795793415
99,Economic,53.8255350898886
100,Economic,76.41827467065838
101,Economic,76.35501839844613
102,Economic,85.0102202037739
103,Economic,86.4283738900948
104,Economic,73.44581489669334
105,Economic,45.745956329004315
106,Economic,36.137602434771296
107,Economic,26.577202320425997
108,Economic,38.12204102153768
109,Economic,54.56733755859129
110,Economic,44.82064571637259
111,Economic,70.42823383498603
112,Economic,65.50768988972254
113,Economic,60.631447863597565
114,Economic,61.38722384787475
115,Economic,87.46356106406937
116,Economic,100.0
117,Economic,81.95942570403292
118,Economic,72.65572642062179
119,Economic,72.41581419843916
120,Economic,68.28718619621145
121,Economic,58.75958433681725
122,Economic,72.99129417616597
123,Economic,59.53417433819917
124,Economic,69.70142642482512
125,Economic,61.14547527824505
126,Economic,43.027162762559065
127,Economic,27.47646743345053
128,Economic,37.61363412224564
129,Economic,77.6972081942089
130,Economic,66.03947443401718
131,Economic,57.99232561847203
132,Economic,54.45198592553972
133,Economic,38.7241755629603
134,Economic,25.51134469459339
135,Economic,25.55565961850967
136,Economic,33.45588287591189
137,Economic,27.590008015808237
138,Economic,51.04726766520763
139,Economic,38.985123122905655
140,Economic,62.14053933971765
141,Economic,45.255169756926904
142,Economic,42.86660282230043
143,Economic,24.58817894731697
144,Economic,25.32088335497115
145,Economic,72.90411199721065
146,Economic,58.30220519719889
147,Economic,80.93437055493624
148,Economic,49.56982686652772
149,Economic,36.6019880723044
150,Economic,37.101819589356744
151,Economic,43.55140998746965
152,Economic,28.56382403956784
153,Economic,24.56839796572681
154,Economic,30.94896568357604
155,Economic,35.62159023627153
156,Economic,45.60047335698688
157,Economic,33.44259616308178
158,Economic,24.638442190301856
159,Economic,34.41472292536571
160,Economic,37.680810564515625
161,Economic,48.067775012415865
162,Economic,48.28424154631416
163,Economic,59.27483055233006
164,Economic,57.0038691591073
165,Economic,53.98251732164846
166,Economic,81.93551794429335
167,Economic,71.50598674620224
168,Economic,64.06633283859641
169,Economic,64.3772407495321
170,Economic,92.11876993222519
171,Economic,88.41504273467952
172,Economic,76.02143480779237
173,Economic,67.31815213566375
174,Economic,59.69840592276394
175,Economic,48.74059087354767
176,Economic,44.18859419993137
177,Economic,43.05965066587386
178,Economic,58.175682891735505
179,Economic,50.83508409127625
180,Economic,55.265128548686825
181,Economic,66.5607606846844
182,Economic,79.62141235581727
183,Economic,69.27128392991861
184,Economic,93.89263413918788
185,Economic,85.39505816673784
186,Economic,73.23392944565127
187,Economic,65.52914823002759
188,Economic,45.745956329004315
189,Economic,45.185221482404216
190,Economic,33.85347328078181
191,Economic,66.33301985751672
192,Economic,63.11231110356499
193,Economic,71.4608573565844
194,Economic,82.80587933763161
195,Economic,69.71734597437867
196,Economic,60.6314478635976
197,Economic,66.6423946271144
198,Economic,57.001677579743074
199,Economic,54.31847827278074
200,Economic,48.060849713246654
201,Economic,40.23001864696399
202,Economic,84.81245502531272
203,Economic,75.65152728148288
204,Economic,60.53930009909125
205,Economic,73.60498926660529
206,Economic,59.227326792979596
207,Economic,77.69139556069382
208,Economic,75.43945675979275
209,Economic,57.32114424410676
210,Economic,41.77044891499823
211,Economic,28.084313134657492
212,Economic,71.39319584853061
213,Economic,56.876665792042594
214,Economic,42.15899228513887
215,Economic,54.45198592553972
216,Economic,38.7241755629603
217,Economic,91.4471999070686
218,Economic,96.39881817543817
219,Economic,92.50982522359516
220,Economic,77.2020904958314
221,Economic,67.76023062817067
222,Economic,52.692684851300776
223,Economic,78.42625362544534
224,Economic,95.92183642374175
225,Economic,86.88744117265628
226,Economic,68.6090172976728
227,Economic,62.370044699562186
228,Economic,55.39836769379737
229,Economic,39.514714862039554
230,Economic,46.55341817398397
231,Economic,49.56982686652772
232,Economic,81.31665674472497
233,Economic,83.44041988570847
234,Economic,75.40995330376388
235,Economic,67.00141560909876
236,Economic,62.540155672095
237,Economic,76.68970642431688
238,Economic,62.890108754790106
239,Economic,46.73142573795237
240,Economic,37.96640568690442
241,Economic,47.93228479490546
242,Economic,62.373744101397435
243,Economic,74.68745078816585
244,Economic,72.68106206146007
245,Economic,65.6877071667869
246,Economic,72.8462591237587
247,Economic,60.16111122259938
248,Economic,55.207715734346884
249,Economic,69.06179007409207
250,Economic,74.18781443155653
251,Economic,76.74816052395073
252,Economic,72.614623990442
253,Economic,67.02281983980168
254,Economic,88.87464819787444
255,Economic,77.59215138209842
256,Economic,72.87370769121364
257,Economic,74.60036670703302
258,Economic,78.54451244213053
259,Economic,97.3479761454368
260,Economic,97.46086267679239
261,Economic,83.01228419889576
262,Economic,73.18802526771753
263,Economic,62.716108940814365
264,Economic,63.921871795793415
265,Economic,53.8255350898886
266,Economic,43.475406663989915
267,Economic,59.587078583569465
268,Economic,51.08950261111942
269,Economic,49.483929445588444
270,Economic,73.44581489663153
271,Economic,45.745956329004315
272,Economic,36.137602434771296
273,Economic,29.0213332889559
274,Economic,25.618734143133082
275,Economic,22.398025389181367
276,Economic,35.27038116601036
277,Economic,81.29794282969237
278,Economic,71.2252824823142
279,Economic,60.63144786359661
280,Economic,51.913712456570224
281,Economic,34.90865432392754
282,Economic,33.69832323404053
283,Economic,65.73526831791744
284,Economic,82.2347658485367
285,Economic,96.5954007617399
286,Economic,84.48873658380155
287,Economic,69.37650940140992
288,Economic,70.65925283249676
289,Economic,57.75445857592534
290,Economic,47.78398815321865
291,Economic,31.457975278243488
292,Economic,44.24768810184994
293,Economic,69.15995573570451
294,Economic,97.69604217758615
295,Economic,87.2265291818314
296,Economic,72.70999912534339
297,Economic,57.99232561843966
298,Economic,54.45198592553972
299,Economic,44.82056589616074
300,Economic,51.74510941123726
301,Economic,37.34487582775496
302,Economic,33.45588287591189
303,Economic,27.59000801580827
304,Economic,83.24074074074036
305,Economic,68.52601818463413
306,Economic,65.71209350991151
307,Economic,63.30291440331129
308,Economic,43.41137629508294
309,Economic,25.132952420099482
310,Economic,38.79874172675081
311,Economic,53.541350435271795
312,Economic,34.03864998446636
313,Economic,29.90494232632983
314,Economic,49.56982686652772
315,Economic,76.67593421019167
316,Economic,93.41508196655988
317,Economic,100.0
318,Economic,100.0
319,Economic,90.14699327888607
320,Economic,76.68970642427033
321,Economic,62.89010875474356
322,Economic,46.73142573793926
323,Economic,36.83545330593895
324,Economic,33.229903842520905
325,Economic,60.111839339489116
326,Economic,50.93745078816225
327,Economic,79.46677634717088
328,Economic,70.21151669059294
329,Economic,73.97721150470763
330,Economic,61.29206360354832
331,Economic,55.207715734343445
332,Economic,92.65175342031334
333,Economic,99.99999999999999
334,Economic,93.6714572035053
335,Economic,93.982365114441
336,Economic,94.80059761766292
337,Economic,84.43020375345056
338,Economic,72.03659582656343
339,Economic,63.98481880233042
340,Economic,51.005595465202866
341,Economic,46.256930742784
342,Economic,44.18859419988665
343,Economic,42.82033980100465
344,Economic,28.371761323108014
345,Economic,50.83508409127624
346,Economic,57.748788679405784
347,Economic,69.19964957357118
348,Economic,64.38109064544416
349,Economic,59.3087399973233
350,Economic,79.37874525029899
351,Economic,70.88116927784894
352,Economic,65.31726277898461
353,Economic,66.84859267447203
354,Economic,78.9205595036075
355,Economic,72.32807862524754
356,Economic,97.18680661410136
357,Economic,89.26039794446896
358,Economic,96.59524474607278
359,Economic,88.04815894388601
360,Economic,79.7900063217586
361,Economic,66.70147295850566
362,Economic,60.63144786359761
363,Economic,59.278053541841544
364,Economic,82.04043726966401
365,Economic,91.9046208232718
366,Economic,81.22838761257493
367,Economic,76.3432929803266
368,Economic,95.12253254469253
369,Economic,85.9616048008627
370,Economic,75.26798226963386
371,Economic,73.60498926660529
372,Economic,59.227326792979596
373,Economic,47.78398815321865
374,Economic,40.25427157453979
375,Economic,33.69213254632712
376,Economic,46.289585365366776
377,Economic,37.88122736280383
378,Economic,55.55986251519725
379,Economic,44.56185097722775
380,Economic,50.95528858143514
381,Economic,72.04457851813231
382,Economic,61.59454593333069
383,Economic,86.11168204099978
384,Economic,78.74848549455453
385,Economic,78.37801106123003
386,Economic,61.31101707420701
387,Economic,67.76023062817067
388,Economic,50.933425592041516
389,Economic,76.61672981590814
390,Economic,92.30278880454601
391,Economic,79.64934593441289
392,Economic,63.18044586895325
393,Economic,51.5129018422712
394,Economic,70.18982628292595
395,Economic,50.687125832120515
396,Economic,59.22008484065066
397,Economic,49.56982686652772
398,Economic,72.32848379880019
399,Economic,84.19583668337346
400,Economic,75.40995330376388
401,Economic,68.62534723303038
402,Economic,59.29229242423173
403,Economic,60.45039018500062
404,Economic,59.64224550692685
405,Economic,51.2552352617488
406,Economic,41.35926282974847
407,Economic,43.86463266649239
408,Economic,51.06422029187364
409,Economic,49.806498407213454
410,Economic,65.89534777574576
411,Economic,63.42580240488213
412,Economic,64.92959245709203
413,Economic,57.89920646069462
414,Economic,55.207715734346884
415,Economic,61.935517944192966
416,Economic,51.505986746101826
417,Economic,62.302619800493375
418,Economic,88.2627721386677
419,Economic,92.57837539543495
420,Economic,82.20798153122259
421,Economic,78.70326249322434
422,Economic,72.87370769121358
423,Economic,49.76376539984339
424,Economic,58.25636971634394
425,Economic,48.73705278128971
426,Economic,40.15712885507533
427,Economic,25.708550377178696
428,Economic,21.58302743801425
429,Economic,36.98201299160452
430,Economic,64.6483046172776
431,Economic,98.09363457803953
432,Economic,94.34072837436311
433,Economic,80.69818969474343
434,Economic,72.20061372229338
435,Economic,60.03948500120683
436,Economic,66.84859267447203
437,Economic,45.745956329004315
438,Economic,36.137602434771296
439,Economic,27.905713385883807
440,Economic,38.011712123657965
441,Economic,39.37764358134736
442,Economic,53.7579358661128
443,Economic,72.6426403868426
444,Economic,66.70147295850566
445,Economic,60.63144786359761
446,Economic,53.263841655536794
447,Economic,38.15126157685746
448,Economic,39.70255839392729
449,Economic,40.01146730209357
450,Economic,32.180636235736706
451,Economic,58.3008271183296
452,Economic,46.19416294039126
453,Economic,31.081935757999616
454,Economic,66.24064818133395
455,Economic,54.80872214181679
456,Economic,86.48769185692248
457,Economic,80.7172345375029
458,Economic,62.598922021816904
459,Economic,47.048226692708376
460,Economic,68.54727609755287
461,Economic,73.15245510778016
462,Economic,60.39518431055141
463,Economic,57.992325618462516
464,Economic,57.970504444058236
465,Economic,47.52047185925663
466,Economic,36.85242278174049
467,Economic,39.31175709949373
468,Economic,45.978319703206274
469,Economic,70.16505345878772
470,Economic,85.35282322075673
471,Economic,68.52601818462757
472,Economic,72.47663942406066
473,Economic,100.0
474,Economic,81.08862062193029
475,Economic,62.810196746946836
476,Economic,71.87677970439185
477,Economic,72.1431979367223
478,Economic,52.64049748591687
479,Economic,51.98198960255536
480,Economic,49.56982686652772
481,Economic,54.500475052043875
482,Economic,92.35073391952322
483,Economic,95.68778870510008
484,Economic,97.85611646376313
485,Economic,90.1469932788961
486,Economic,76.68970642428037
487,Economic,62.890108754753584
488,Economic,45.60047335698688
489,Economic,44.752119972605605
490,Economic,66.48368028553999
491,Economic,72.67634515900082
492,Economic,61.24005184576917
493,Economic,70.26428195279479
494,Economic,66.47784755045045
495,Economic,73.9772115047083
496,Economic,61.29206360354898
497,Economic,55.207715734344106
498,Technical,61.935517944192966
499,Technical,51.505986746101826
500,Technical,99.99999999999999
501,Technical,93.64424124426903
502,Technical,88.05243709362871
503,Technical,95.5413148645617
504,Technical,83.14770693767456
505,Technical,72.87370769121932
506,Technical,59.58406576093051
507,Technical,48.626250711714235
508,Technical,34.1396135152221
509,Technical,25.55968958900771
510,Technical,83.01228419892507
511,Technical,73.18802526774685
512,Technical,62.71610894084368
513,Technical,100.0
514,Technical,89.90366329409521
515,Technical,79.55353486819654
516,Technical,65.91099618857686
517,Technical,98.58950261118228
518,Technical,86.42837389009573
519,Technical,73.44581489669426
520,Technical,99.99999999999997
521,Technical,90.39164610576701
522,Technical,79.0598979041446
523,Technical,99.99999999999997
524,Technical,86.22373569049269
525,Technical,97.09577799150509
526,Technical,84.31381584556816
527,Technical,71.22528248231522
528,Technical,60.63144786359763
529,Technical,100.0
530,Technical,82.99494186735733
531,Technical,100.0
532,Technical,100.0
533,Technical,100.0
534,Technical,100.0
535,Technical,87.89333582206164
536,Technical,72.78110863967001
537,Technical,80.96933035187661
538,Technical,65.11879966119665
539,Technical,100.0
540,Technical,81.91472786576557
541,Technical,63.79641535007957
542,Technical,48.24572002097104
543,Technical,34.55958424063031
544,Technical,87.22652918186394
545,Technical,72.70999912537593
546,Technical,57.99232561847219
547,Technical,100.0
548,Technical,84.27218963742061
549,Technical,70.08562204138593
550,Technical,100.0
551,Technical,85.5554514926014
552,Technical,100.0
553,Technical,85.35282322076327
554,Technical,68.52601818463413
555,Technical,100.0
556,Technical,83.11463041720928
557,Technical,100.0
558,Technical,100.0
559,Technical,86.52293216379412
560,Technical,100.0
561,Technical,80.49729954919457
562,Technical,80.9343705549364
563,Technical,100.0
564,Technical,87.03216120577669
565,Technical,100.0
566,Technical,87.09773854626056
567,Technical,70.56954273193729
568,Technical,90.14699327893263
569,Technical,76.68970642431688
570,Technical,62.890108754790106
571,Technical,100.0
572,Technical,87.8421228060949
573,Technical,79.037968833315
574,Technical,68.59847575885455
575,Technical,57.16218244562291
576,Technical,98.69296682336486
577,Technical,86.04485002392977
578,Technical,73.97721150471106
579,Technical,61.29206360355176
580,Technical,55.207715734346884
581,Technical,61.935517944192966
582,Technical,51.505986746101826
583,Technical,99.99999999999999
584,Technical,93.64424124426903
585,Technical,88.05243709362871
586,Technical,95.5413148645617
587,Technical,83.14770693767456
588,Technical,72.87370769121932
589,Technical,49.76376539984339
590,Technical,38.80595035062713
591,Technical,24.319313154134992
592,Technical,25.55968958900771
593,Technical,83.01228419892507
594,Technical,73.18802526774685
595,Technical,62.71610894084368
596,Technical,100.0
597,Technical,89.90366329409521
598,Technical,79.55353486819654
599,Technical,65.91099618857687
600,Technical,98.58950261118228
601,Technical,86.42837389009573
602,Technical,73.44581489669426
603,Technical,99.99999999999997
604,Technical,90.39164610576701
605,Technical,79.0598979041446
606,Technical,99.99999999999997
607,Technical,86.22373569049269
608,Technical,97.09577799150503
609,Technical,84.3138158455681
610,Technical,71.22528248231515
611,Technical,60.631447863597565
612,Technical,100.0
613,Technical,82.99494186735733
614,Technical,100.0
615,Technical,81.9594257040318
616,Technical,100.0
617,Technical,86.3761387891721
618,Technical,74.26947461123376
619,Technical,59.15724742884212
620,Technical,80.96933035187661
621,Technical,65.11879966119666
622,Technical,100.0
623,Technical,81.91472786576557
624,Technical,63.79641535007957
625,Technical,58.204367060533066
626,Technical,97.69604217761868
627,Technical,87.22652918186394
628,Technical,72.70999912537593
629,Technical,57.99232561847219
630,Technical,54.45198592553972
631,Technical,38.72417556296031
632,Technical,25.51134469459335
633,Technical,100.0
634,Technical,85.55545149260139
635,Technical,100.0
636,Technical,85.35282322076327
637,Technical,68.52601818463413
638,Technical,62.14053933971765
639,Technical,45.255169756926925
640,Technical,100.0
641,Technical,100.0
642,Technical,86.52293216379412
643,Technical,72.31315991993405
644,Technical,52.810459469128624
645,Technical,80.93437055493635
646,Technical,49.56982686652772
647,Technical,36.60198807230441
648,Technical,100.0
649,Technical,87.09773854626056
650,Technical,70.56954273193728
651,Technical,90.14699327893261
652,Technical,76.68970642431688
653,Technical,62.890108754790106
654,Technical,100.0
655,Technical,87.8421228060949
656,Technical,79.037968833315
657,Technical,68.59847575885455
658,Technical,57.16218244562291
659,Technical,98.69296682336486
660,Technical,86.04485002392977
661,Technical,73.97721150471106
662,Technical,61.29206360355176
663,Technical,55.207715734346884
664,Technical,61.935517944192966
665,Technical,51.505986746101826
666,Technical,99.99999999999999
667,Technical,93.64424124426903
668,Technical,88.05243709362871
669,Technical,95.5413148645617
670,Technical,83.14770693767456
671,Technical,72.87370769121932
672,Technical,59.58406576093051
673,Technical,48.626250711714235
674,Technical,34.1396135152221
675,Technical,25.55968958900771
676,Technical,83.01228419892507
677,Technical,73.18802526774685
678,Technical,62.71610894084368
679,Technical,100.0
680,Technical,89.90366329409521
681,Technical,79.55353486819654
682,Technical,65.91099618857686
683,Technical,98.58950261118228
684,Technical,86.42837389009573
685,Technical,73.44581489669426
686,Technical,99.99999999999997
687,Technical,90.39164610576701
688,Technical,79.0598979041446
689,Technical,99.99999999999997
690,Technical,86.22373569049269
691,Technical,97.09577799150506
692,Technical,84.31381584556813
693,Technical,71.2252824823152
694,Technical,60.6314478635976
695,Technical,100.0
696,Technical,82.99494186735733
697,Technical,100.0
698,Technical,100.0
699,Technical,100.0
700,Technical,100.0
701,Technical,87.89333582206164
702,Technical,72.78110863967001
703,Technical,80.96933035187661
704,Technical,65.11879966119665
705,Technical,100.0
706,Technical,81.91472786576557
707,Technical,63.79641535007957
708,Technical,48.24572002097104
709,Technical,34.55958424063031
710,Technical,87.22652918186394
711,Technical,72.70999912537593
712,Technical,57.99232561847219
713,Technical,100.0
714,Technical,84.27218963742061
715,Technical,70.08562204138593
716,Technical,100.0
717,Technical,85.5554514926014
718,Technical,100.0
719,Technical,85.35282322076327
720,Technical,68.52601818463413
721,Technical,100.0
722,Technical,83.11463041720928
723,Technical,100.0
724,Technical,100.0
725,Technical,86.52293216379412
726,Technical,100.0
727,Technical,80.49729954919457
728,Technical,80.9343705549364
729,Technical,100.0
730,Technical,87.03216120577669
731,Technical,100.0
732,Technical,87.09773854626056
733,Technical,70.56954273193729
734,Technical,90.14699327893263
735,Technical,76.68970642431688
736,Technical,62.890108754790106
737,Technical,100.0
738,Technical,87.8421228060949
739,Technical,79.037968833315
740,Technical,68.59847575885455
741,Technical,57.16218244562291
742,Technical,98.69296682336486
743,Technical,86.04485002392977
744,Technical,73.97721150471106
745,Technical,61.29206360355176
746,Technical,55.207715734346884
747,Technical,61.935517944192966
748,Technical,51.50598674610178
749,Technical,99.99999999999999
750,Technical,93.64424124426903
751,Technical,88.05243709362873
752,Technical,95.54131486455316
753,Technical,83.14770693766602
754,Technical,72.8737076912108
755,Technical,49.76376539984339
756,Technical,38.80595035062713
757,Technical,24.319313154134985
758,Technical,25.55968958900771
759,Technical,83.01228419890269
760,Technical,73.18802526772447
761,Technical,62.7161089408213
762,Technical,63.92187179579341
763,Technical,53.82553508988853
764,Technical,43.47540666398987
765,Technical,29.832867984370203
766,Technical,98.5895026111669
767,Technical,86.42837389008035
768,Technical,73.44581489667887
769,Technical,99.99999999999997
770,Technical,90.39164610578206
771,Technical,79.05989790415966
772,Technical,99.99999999999997
773,Technical,86.22373569049284
774,Technical,97.09577799149417
775,Technical,84.31381584555724
776,Technical,71.2252824823043
777,Technical,60.631447863586715
778,Technical,100.0
779,Technical,82.99494186735733
780,Technical,70.00166504101514
781,Technical,51.96109074504693
782,Technical,100.0
783,Technical,86.3761387891721
784,Technical,74.26947461123376
785,Technical,59.15724742884212
786,Technical,80.96933035187627
787,Technical,65.1187996611963
788,Technical,100.0
789,Technical,81.91472786576556
790,Technical,63.79641535007956
791,Technical,48.245720020971035
792,Technical,34.5595842406303
793,Technical,87.22652918185022
794,Technical,72.70999912536222
795,Technical,57.99232561845849
796,Technical,100.0
797,Technical,84.27218963743181
798,Technical,70.08562204139714
799,Technical,100.0
800,Technical,85.5554514926014
801,Technical,63.21067972780061
802,Technical,85.3528232207603
803,Technical,68.52601818463114
804,Technical,62.14053933971765
805,Technical,45.255169756926925
806,Technical,100.0
807,Technical,100.0
808,Technical,86.52293216379412
809,Technical,72.31315991993405
810,Technical,52.810459469128624
811,Technical,80.93437055493176
812,Technical,49.56982686652772
813,Technical,36.60198807230441
814,Technical,100.0
815,Technical,87.09773854627868
816,Technical,70.56954273195542
817,Technical,90.14699327891344
818,Technical,76.6897064242977
819,Technical,62.89010875477092
820,Technical,100.0
821,Technical,87.84212280612837
822,Technical,79.03796883334849
823,Technical,68.59847575888801
824,Technical,57.162182445656384
825,Technical,98.69296682336314
826,Technical,86.04485002392805
827,Technical,73.97721150470935
828,Technical,61.29206360355004
829,Technical,55.207715734345165
830,Technical,61.935517944192966
831,Technical,51.505986746101826
832,Technical,99.99999999999999
833,Technical,93.64424124426903
834,Technical,88.05243709362871
835,Technical,95.5413148645617
836,Technical,83.14770693767456
837,Technical,72.87370769121932
838,Technical,59.58406576093049
839,Technical,48.626250711714235
840,Technical,34.1396135152221
841,Technical,25.55968958900771
842,Technical,83.01228419892507
843,Technical,73.18802526774685
844,Technical,62.71610894084368
845,Technical,100.0
846,Technical,89.90366329409521
847,Technical,79.55353486819654
848,Technical,65.91099618857687
849,Technical,98.58950261118228
850,Technical,86.42837389009573
851,Technical,73.44581489669426
852,Technical,99.99999999999997
853,Technical,90.39164610576701
854,Technical,79.0598979041446
855,Technical,99.99999999999997
856,Technical,86.22373569049269
857,Technical,97.09577799150506
858,Technical,84.31381584556813
859,Technical,71.2252824823152
860,Technical,60.6314478635976
861,Technical,100.0
862,Technical,82.99494186735733
863,Technical,100.0
864,Technical,100.0
865,Technical,100.0
866,Technical,100.0
867,Technical,87.89333582206164
868,Technical,72.78110863967001
869,Technical,80.96933035187661
870,Technical,65.11879966119665
871,Technical,100.0
872,Technical,81.91472786576557
873,Technical,63.79641535007957
874,Technical,48.24572002097104
875,Technical,34.5595842406303
876,Technical,87.22652918186394
877,Technical,72.70999912537593
878,Technical,57.99232561847219
879,Technical,100.0
880,Technical,84.27218963742061
881,Technical,70.08562204138593
882,Technical,100.0
883,Technical,85.5554514926014
884,Technical,100.0
885,Technical,85.35282322076327
886,Technical,68.52601818463413
887,Technical,100.0
888,Technical,83.11463041720928
889,Technical,100.0
890,Technical,100.0
891,Technical,86.52293216379412
892,Technical,100.0
893,Technical,80.49729954919457
894,Technical,80.9343705549364
895,Technical,100.0
896,Technical,87.03216120577669
897,Technical,100.0
898,Technical,87.09773854626056
899,Technical,70.56954273193729
900,Technical,90.14699327893263
901,Technical,76.68970642431688
902,Technical,62.890108754790106
903,Technical,100.0
904,Technical,87.8421228060949
905,Technical,79.037968833315
906,Technical,68.59847575885455
907,Technical,57.16218244562291
908,Technical,98.69296682336486
909,Technical,86.04485002392977
910,Technical,73.97721150471106
911,Technical,61.29206360355176
912,Technical,55.207715734346884
913,Technical,61.935517944192966
914,Technical,51.505986746101826
915,Technical,99.99999999999999
916,Technical,93.64424124426903
917,Technical,88.05243709362871
918,Technical,95.5413148645617
919,Technical,83.14770693767456
920,Technical,72.87370769121932
921,Technical,49.76376539984339
922,Technical,38.80595035062713
923,Technical,34.1396135152221
924,Technical,25.55968958900771
925,Technical,83.01228419892507
926,Technical,73.18802526774685
927,Technical,62.71610894084368
928,Technical,63.921871795793415
929,Technical,53.82553508988862
930,Technical,43.475406663989965
931,Technical,29.832867984370292
932,Technical,98.58950261118228
933,Technical,86.42837389009573
934,Technical,73.44581489669426
935,Technical,99.99999999999997
936,Technical,90.39164610576701
937,Technical,79.0598979041446
938,Technical,99.99999999999997
939,Technical,99.99999999999997
940,Technical,90.2533081577813
941,Technical,84.31381584556813
942,Technical,71.2252824823152
943,Technical,60.6314478635976
944,Technical,100.0
945,Technical,82.99494186735733
946,Technical,70.00166504101513
947,Technical,95.35133274279455
948,Technical,100.0
949,Technical,86.3761387891721
950,Technical,74.26947461123376
951,Technical,59.15724742884212
952,Technical,80.96933035187661
953,Technical,65.11879966119665
954,Technical,100.0
955,Technical,81.91472786576557
956,Technical,63.79641535007957
957,Technical,48.24572002097104
958,Technical,97.6960421776187
959,Technical,87.22652918186394
960,Technical,72.70999912537593
961,Technical,57.99232561847219
962,Technical,100.0
963,Technical,84.27218963742061
964,Technical,70.08562204138593
965,Technical,100.0
966,Technical,85.5554514926014
967,Technical,100.0
968,Technical,85.35282322076327
969,Technical,68.52601818463413
970,Technical,62.14053933971765
971,Technical,45.255169756926925
972,Technical,29.389534986094546
973,Technical,100.0
974,Technical,86.52293216379412
975,Technical,100.0
976,Technical,80.49729954919457
977,Technical,80.9343705549364
978,Technical,49.56982686652772
979,Technical,36.60198807230441
980,Technical,100.0
981,Technical,87.09773854626056
982,Technical,70.56954273193729
983,Technical,90.14699327893263
984,Technical,76.68970642431688
985,Technical,62.890108754790106
986,Technical,100.0
987,Technical,100.0
988,Technical,91.19584602722011
989,Technical,80.75635295275964
990,Technical,69.320059639528
991,Technical,98.69296682336248
992,Technical,86.0448500239274
993,Technical,73.9772115047087
994,Technical,61.292063603551064
995,Technical,55.207715734346706
996,Techno-economic,86.37996238863742
997,Techno-economic,75.95043119054628
998,Techno-economic,96.28855506071828
999,Techno-economic,89.93279630498729
1000,Techno-economic,84.34099215434698
1001,Techno-economic,95.5413148645617
1002,Techno-economic,83.14770693767456
1003,Techno-economic,72.87370769121932
1004,Techno-economic,77.0840268377519
1005,Techno-economic,66.12621178853564
1006,Techno-economic,71.2695447729707
1007,Techno-economic,62.689620846756334
1008,Techno-economic,83.01228419892507
1009,Techno-economic,73.18802526774685
1010,Techno-economic,62.71610894084368
1011,Techno-economic,100.0
1012,Techno-economic,89.90366329409521
1013,Techno-economic,79.55353486819654
1014,Techno-economic,65.91099618857686
1015,Techno-economic,85.1217535494602
1016,Techno-economic,86.42837389009573
1017,Techno-economic,73.44581489669426
1018,Techno-economic,78.9205595036075
1019,Techno-economic,69.31220560937452
1020,Techno-economic,65.70418644741014
1021,Techno-economic,99.99999999999997
1022,Techno-economic,86.22373569049269
1023,Techno-economic,97.09577799150509
1024,Techno-economic,84.31381584556816
1025,Techno-economic,71.22528248231522
1026,Techno-economic,60.63144786359763
1027,Techno-economic,85.78968144881831
1028,Techno-economic,68.78462331617565
1029,Techno-economic,100.0
1030,Techno-economic,100.0
1031,Techno-economic,100.0
1032,Techno-economic,100.0
1033,Techno-economic,87.89333582206164
1034,Techno-economic,72.78110863967001
1035,Techno-economic,80.96933035187661
1036,Techno-economic,65.11879966119665
1037,Techno-economic,88.24695111618163
1038,Techno-economic,70.1616789819472
1039,Techno-economic,52.04336646626121
1040,Techno-economic,36.49267113715268
1041,Techno-economic,34.36270884428529
1042,Techno-economic,87.22652918186394
1043,Techno-economic,72.70999912537593
1044,Techno-economic,57.99232561847219
1045,Techno-economic,100.0
1046,Techno-economic,84.27218963742061
1047,Techno-economic,73.93727062051931
1048,Techno-economic,100.0
1049,Techno-economic,85.5554514926014
1050,Techno-economic,100.0
1051,Techno-economic,85.35282322076327
1052,Techno-economic,68.52601818463413
1053,Techno-economic,100.0
1054,Techno-economic,83.11463041720928
1055,Techno-economic,100.0
1056,Techno-economic,100.0
1057,Techno-economic,86.52293216379412
1058,Techno-economic,100.0
1059,Techno-economic,80.49729954919457
1060,Techno-economic,80.9343705549364
1061,Techno-economic,95.03991233661321
1062,Techno-economic,82.07207354238953
1063,Techno-economic,100.0
1064,Techno-economic,87.09773854626056
1065,Techno-economic,70.56954273193729
1066,Techno-economic,90.14699327893263
1067,Techno-economic,76.68970642431688
1068,Techno-economic,62.890108754790106
1069,Techno-economic,78.39809240460596
1070,Techno-economic,95.18881972006638
1071,Techno-economic,86.38466574728648
1072,Techno-economic,75.94517267282602
1073,Techno-economic,64.5088793595944
1074,Techno-economic,98.69296682336486
1075,Techno-economic,86.04485002392977
1076,Techno-economic,73.97721150471106
1077,Techno-economic,61.29206360355176
1078,Techno-economic,55.207715734346884
1079,Techno-economic,61.935517944192966
1080,Techno-economic,51.505986746101826
1081,Techno-economic,75.63704941292063
1082,Techno-economic,69.28129065718966
1083,Techno-economic,63.68948650654934
1084,Techno-economic,95.54131486455933
1085,Techno-economic,83.14770693767218
1086,Techno-economic,72.87370769121696
1087,Techno-economic,49.76376539984339
1088,Techno-economic,48.501280008678435
1089,Techno-economic,34.01464281218631
1090,Techno-economic,60.205960716037374
1091,Techno-economic,83.01228419892507
1092,Techno-economic,73.18802526774685
1093,Techno-economic,62.71610894084368
1094,Techno-economic,100.0
1095,Techno-economic,89.90366329409521
1096,Techno-economic,79.55353486819654
1097,Techno-economic,75.42041191696559
1098,Techno-economic,98.58950261118228
1099,Techno-economic,86.42837389009573
1100,Techno-economic,73.44581489669426
1101,Techno-economic,45.745956329004315
1102,Techno-economic,36.137602434771296
1103,Techno-economic,65.70418644741014
1104,Techno-economic,99.99999999999997
1105,Techno-economic,86.22373569049269
1106,Techno-economic,76.47704384827398
1107,Techno-economic,84.3138158455681
1108,Techno-economic,71.22528248231515
1109,Techno-economic,60.631447863597565
1110,Techno-economic,85.78968144881836
1111,Techno-economic,100.0
1112,Techno-economic,89.04969993596845
1113,Techno-economic,71.00912564000025
1114,Techno-economic,100.0
1115,Techno-economic,92.17679611058401
1116,Techno-economic,80.07013193264565
1117,Techno-economic,64.95790475025402
1118,Techno-economic,80.96933035187661
1119,Techno-economic,65.11879966119663
1120,Techno-economic,88.2469511161817
1121,Techno-economic,70.16167898194728
1122,Techno-economic,52.043366466261276
1123,Techno-economic,36.49267113715274
1124,Techno-economic,34.36270884428518
1125,Techno-economic,87.22652918186394
1126,Techno-economic,72.70999912537593
1127,Techno-economic,57.99232561847219
1128,Techno-economic,54.45198592553972
1129,Techno-economic,38.7241755629603
1130,Techno-economic,70.27834870766672
1131,Techno-economic,96.34107808714748
1132,Techno-economic,81.89652957974889
1133,Techno-economic,100.0
1134,Techno-economic,85.35282322076327
1135,Techno-economic,68.52601818463413
1136,Techno-economic,62.14053933971765
1137,Techno-economic,45.255169756926904
1138,Techno-economic,62.183185779745344
1139,Techno-economic,100.0
1140,Techno-economic,86.52293216379412
1141,Techno-economic,72.31315991993405
1142,Techno-economic,52.810459469128624
1143,Techno-economic,80.9343705549364
1144,Techno-economic,95.03991233661328
1145,Techno-economic,82.07207354238993
1146,Techno-economic,100.0
1147,Techno-economic,87.09773854626036
1148,Techno-economic,70.56954273193709
1149,Techno-economic,90.14699327893263
1150,Techno-economic,76.68970642431688
1151,Techno-economic,62.890108754790106
1152,Techno-economic,78.398092404606
1153,Techno-economic,100.0
1154,Techno-economic,92.03942765204837
1155,Techno-economic,81.59993457758792
1156,Techno-economic,70.16364126435629
1157,Techno-economic,98.6929668233649
1158,Techno-economic,86.04485002392981
1159,Techno-economic,73.97721150471106
1160,Techno-economic,61.29206360355176
1161,Techno-economic,55.207715734346884
1162,Techno-economic,61.935517944192966
1163,Techno-economic,99.74336998719556
1164,Techno-economic,91.19260496847863
1165,Techno-economic,84.83684621274764
1166,Techno-economic,79.24504206210729
1167,Techno-economic,95.54131486456161
1168,Techno-economic,83.14770693767447
1169,Techno-economic,72.87370769121932
1170,Techno-economic,49.76376539984339
1171,Techno-economic,38.805950350627086
1172,Techno-economic,71.26954477297014
1173,Techno-economic,62.68962084675584
1174,Techno-economic,83.01228419892458
1175,Techno-economic,73.18802526774635
1176,Techno-economic,62.71610894084317
1177,Techno-economic,100.0
1178,Techno-economic,89.90366329409521
1179,Techno-economic,79.55353486819655
1180,Techno-economic,65.91099618857685
1181,Techno-economic,57.413420216126795
1182,Techno-economic,86.42837389009435
1183,Techno-economic,73.44581489669415
1184,Techno-economic,45.745956329004315
1185,Techno-economic,86.08355369665155
1186,Techno-economic,74.75180549502916
1187,Techno-economic,99.99999999999997
1188,Techno-economic,86.22373569049266
1189,Techno-economic,97.09577799150458
1190,Techno-economic,84.31381584556765
1191,Techno-economic,71.22528248231434
1192,Techno-economic,60.6314478635976
1193,Techno-economic,85.7896814488183
1194,Techno-economic,68.78462331617321
1195,Techno-economic,55.79134648983099
1196,Techno-economic,50.388970601240565
1197,Techno-economic,100.0
1198,Techno-economic,92.17679611058477
1199,Techno-economic,80.07013193264642
1200,Techno-economic,64.95790475025478
1201,Techno-economic,80.96933035187732
1202,Techno-economic,65.11879966119737
1203,Techno-economic,88.24695111618165
1204,Techno-economic,70.16167898194722
1205,Techno-economic,52.04336646626126
1206,Techno-economic,100.0
1207,Techno-economic,86.31386421965927
1208,Techno-economic,75.84435122390451
1209,Techno-economic,61.327821167416495
1210,Techno-economic,46.61014766051348
1211,Techno-economic,54.45198592553972
1212,Techno-economic,96.7797311185153
1213,Techno-economic,82.59316352248064
1214,Techno-economic,68.19292993899833
1215,Techno-economic,100.0
1216,Techno-economic,77.65522823519998
1217,Techno-economic,61.176331330503885
1218,Techno-economic,44.34952629437473
1219,Techno-economic,62.14053933971765
1220,Techno-economic,45.255169756926904
1221,Techno-economic,100.0
1222,Techno-economic,81.72157612502059
1223,Techno-economic,68.24450828881471
1224,Techno-economic,54.034736044954656
1225,Techno-economic,34.53203559414923
1226,Techno-economic,66.58880412649017
1227,Techno-economic,49.56982686652772
1228,Techno-economic,36.60198807230441
1229,Techno-economic,24.013372564850503
1230,Techno-economic,88.40140629521257
1231,Techno-economic,71.8732104808893
1232,Techno-economic,54.42049755243252
1233,Techno-economic,76.68970642431188
1234,Techno-economic,62.8901087547851
1235,Techno-economic,45.60047335698688
1236,Techno-economic,33.44259616308179
1237,Techno-economic,80.05510885696914
1238,Techno-economic,69.61561578250827
1239,Techno-economic,58.17932246927665
1240,Techno-economic,98.692966823365
1241,Techno-economic,86.04485002392991
1242,Techno-economic,73.97721150471097
1243,Techno-economic,61.29206360355164
1244,Techno-economic,55.20771573434676
1245,Techno-economic,61.935517944192966
1246,Techno-economic,87.06154230165748
1247,Techno-economic,81.1926049684779
1248,Techno-economic,74.8368462127469
1249,Techno-economic,69.24504206210659
1250,Techno-economic,95.54131486456104
1251,Techno-economic,83.1477069376739
1252,Techno-economic,72.87370769121868
1253,Techno-economic,49.76376539984339
1254,Techno-economic,38.80595035062713
1255,Techno-economic,87.65264648746842
1256,Techno-economic,79.07272256125405
1257,Techno-economic,64.62414408335742
1258,Techno-economic,54.79988515217919
1259,Techno-economic,62.71610894084368
1260,Techno-economic,63.921871795793415
1261,Techno-economic,99.41307902248398
1262,Techno-economic,89.06295059658532
1263,Techno-economic,75.42041191696566
1264,Techno-economic,98.58950261118228
1265,Techno-economic,86.42837389009573
1266,Techno-economic,73.44581489669426
1267,Techno-economic,90.89021281377408
1268,Techno-economic,81.28185891954108
1269,Techno-economic,69.95011071791869
1270,Techno-economic,54.48401950860375
1271,Techno-economic,99.99999999999997
1272,Techno-economic,97.09577799150506
1273,Techno-economic,84.31381584556813
1274,Techno-economic,71.2252824823152
1275,Techno-economic,60.6314478635976
1276,Techno-economic,51.913712456570224
1277,Techno-economic,34.908654323928374
1278,Techno-economic,69.04716044332268
1279,Techno-economic,51.00658614735448
1280,Techno-economic,100.0
1281,Techno-economic,92.17679611058401
1282,Techno-economic,80.07013193264565
1283,Techno-economic,64.95790475025402
1284,Techno-economic,80.96933035187661
1285,Techno-economic,65.11879966119665
1286,Techno-economic,88.24695111618175
1287,Techno-economic,70.16167898194733
1288,Techno-economic,52.04336646626133
1289,Techno-economic,100.0
1290,Techno-economic,86.31386421965931
1291,Techno-economic,75.84435122390457
1292,Techno-economic,61.32782116741654
1293,Techno-economic,46.610147660512816
1294,Techno-economic,54.45198592553972
1295,Techno-economic,89.88309747581339
1296,Techno-economic,75.69652987977872
1297,Techno-economic,100.0
1298,Techno-economic,88.99130670507654
1299,Techno-economic,66.64653494027574
1300,Techno-economic,50.16763803557798
1301,Techno-economic,33.34083299944882
1302,Techno-economic,62.14053933971765
1303,Techno-economic,45.255169756926904
1304,Techno-economic,100.0
1305,Techno-economic,81.72157612501655
1306,Techno-economic,68.24450828881068
1307,Techno-economic,54.03473604495061
1308,Techno-economic,34.532035594145185
1309,Techno-economic,66.58880412648497
1310,Techno-economic,95.03991233661331
1311,Techno-economic,82.07207354239003
1312,Techno-economic,61.460793948330775
1313,Techno-economic,48.558532494591326
1314,Techno-economic,32.030336680268064
1315,Techno-economic,90.14699327892404
1316,Techno-economic,76.6897064243083
1317,Techno-economic,62.89010875478523
1318,Techno-economic,45.60047335698688
1319,Techno-economic,33.44259616308178
1320,Techno-economic,24.638442190301888
1321,Techno-economic,71.87752054441295
1322,Techno-economic,60.4412272311813
1323,Techno-economic,98.69296682336076
1324,Techno-economic,86.04485002392568
1325,Techno-economic,73.97721150470699
1326,Techno-economic,61.292063603550275
1327,Techno-economic,55.207715734346316
1328,Techno-economic,61.935517944192966
1329,Techno-economic,88.63225887608446
1330,Techno-economic,80.08149385736752
1331,Techno-economic,73.72573510163654
1332,Techno-economic,68.13393095099623
1333,Techno-economic,95.5413148645617
1334,Techno-economic,83.14770693767456
1335,Techno-economic,72.87370769121932
1336,Techno-economic,93.22781768742516
1337,Techno-economic,82.27000263820885
1338,Techno-economic,67.78336544171671
1339,Techno-economic,97.46086267682172
1340,Techno-economic,83.01228419892507
1341,Techno-economic,73.18802526774685
1342,Techno-economic,62.71610894084368
1343,Techno-economic,100.0
1344,Techno-economic,89.90366329409521
1345,Techno-economic,79.55353486819654
1346,Techno-economic,65.91099618857686
1347,Techno-economic,57.41342021612682
1348,Techno-economic,86.42837389009573
1349,Techno-economic,73.44581489669426
1350,Techno-economic,93.31368520503538
1351,Techno-economic,83.7053313108024
1352,Techno-economic,72.37358310918
1353,Techno-economic,56.90749189986508
1354,Techno-economic,99.99999999999997
1355,Techno-economic,97.09577799150506
1356,Techno-economic,84.31381584556813
1357,Techno-economic,71.2252824823152
1358,Techno-economic,60.6314478635976
1359,Techno-economic,51.913712456570224
1360,Techno-economic,99.7148558743152
1361,Techno-economic,86.721579047973
1362,Techno-economic,68.6810047520048
1363,Techno-economic,59.37730546859367
1364,Techno-economic,100.0
1365,Techno-economic,87.89333582206164
1366,Techno-economic,72.78110863967001
1367,Techno-economic,80.96933035187661
1368,Techno-economic,65.11879966119665
1369,Techno-economic,47.78398815321865
1370,Techno-economic,43.772790093058305
1371,Techno-economic,26.661806440219603
1372,Techno-economic,100.0
1373,Techno-economic,97.6960421776187
1374,Techno-economic,87.22652918186394
1375,Techno-economic,72.70999912537593
1376,Techno-economic,57.99232561847219
1377,Techno-economic,54.45198592553972
1378,Techno-economic,98.53899037777516
1379,Techno-economic,84.3524227817405
1380,Techno-economic,69.95218919825821
1381,Techno-economic,100.0
1382,Techno-economic,77.6552282351992
1383,Techno-economic,61.176331330501434
1384,Techno-economic,44.349526294372275
1385,Techno-economic,62.14053933971765
1386,Techno-economic,45.255169756926904
1387,Techno-economic,100.0
1388,Techno-economic,81.72157612501655
1389,Techno-economic,68.24450828881068
1390,Techno-economic,68.38030247340211
1391,Techno-economic,48.87760202259668
1392,Techno-economic,80.9343705549364
1393,Techno-economic,49.56982686652772
1394,Techno-economic,36.60198807230441
1395,Techno-economic,69.58045206798882
1396,Techno-economic,56.67819061424938
1397,Techno-economic,100.0
1398,Techno-economic,82.54728707154322
1399,Techno-economic,69.09000021692748
1400,Techno-economic,55.290402547400696
1401,Techno-economic,45.60047335698688
1402,Techno-economic,33.44259616308178
1403,Techno-economic,72.13844219030192
1404,Techno-economic,100.0
1405,Techno-economic,88.56370668676836
1406,Techno-economic,77.50969891244353
1407,Techno-economic,64.86158211300844
1408,Techno-economic,73.97721150471106
1409,Techno-economic,61.29206360355176
1410,Techno-economic,55.207715734346884
1411,Techno-economic,61.935517944192966
1412,Techno-economic,84.18781443163779
1413,Techno-economic,75.63704941292086
1414,Techno-economic,69.28129065718987
1415,Techno-economic,63.68948650654958
1416,Techno-economic,95.54131486455954
1417,Techno-economic,83.1477069376724
1418,Techno-economic,72.87370769121718
1419,Techno-economic,49.76376539984339
1420,Techno-economic,38.80595035062713
1421,Techno-economic,87.6526464874684
1422,Techno-economic,79.07272256125401
1423,Techno-economic,64.6241440833574
1424,Techno-economic,54.799885152179165
1425,Techno-economic,62.71610894084368
1426,Techno-economic,63.921871795793415
1427,Techno-economic,53.8255350898886
1428,Techno-economic,43.47540666398994
1429,Techno-economic,100.0
1430,Techno-economic,91.50242402754995
1431,Techno-economic,79.3412953064634
1432,Techno-economic,66.35873631306193
1433,Techno-economic,45.745956329004315
1434,Techno-economic,37.90895052204039
1435,Techno-economic,26.577202320425997
1436,Techno-economic,51.8253968253888
1437,Techno-economic,99.99999999999997
1438,Techno-economic,97.09577799149893
1439,Techno-economic,84.31381584556729
1440,Techno-economic,71.22528248231484
1441,Techno-economic,60.6314478635976
1442,Techno-economic,51.913712456570224
1443,Techno-economic,34.908654323927564
1444,Techno-economic,91.14018369913585
1445,Techno-economic,100.0
1446,Techno-economic,90.69630071658887
1447,Techno-economic,77.07243950576097
1448,Techno-economic,64.96577532782261
1449,Techno-economic,49.853548145430985
1450,Techno-economic,70.65925283249683
1451,Techno-economic,54.808722141816865
1452,Techno-economic,88.24695111618162
1453,Techno-economic,70.16167898194725
1454,Techno-economic,100.0
1455,Techno-economic,84.44930467089146
1456,Techno-economic,97.69604217760583
1457,Techno-economic,87.22652918185109
1458,Techno-economic,72.70999912536467
1459,Techno-economic,57.992325618468584
1460,Techno-economic,54.45198592553972
1461,Techno-economic,100.0
1462,Techno-economic,85.81343240396534
1463,Techno-economic,71.41319882048305
1464,Techno-economic,56.968650313084446
1465,Techno-economic,100.0
1466,Techno-economic,85.35282322076037
1467,Techno-economic,68.52601818463229
1468,Techno-economic,62.14053933971765
1469,Techno-economic,45.255169756926904
1470,Techno-economic,29.389534986094546
1471,Techno-economic,96.06714255346806
1472,Techno-economic,82.59007471726218
1473,Techno-economic,68.38030247340211
1474,Techno-economic,48.87760202259668
1475,Techno-economic,80.9343705549364
1476,Techno-economic,95.03991233661318
1477,Techno-economic,82.07207354238993
1478,Techno-economic,61.460793948330675
1479,Techno-economic,48.55853249459122
1480,Techno-economic,100.0
1481,Techno-economic,90.14699327893263
1482,Techno-economic,76.68970642431688
1483,Techno-economic,62.890108754790106
1484,Techno-economic,78.39809240460595
1485,Techno-economic,100.0
1486,Techno-economic,92.0394276520467
1487,Techno-economic,81.59993457758624
1488,Techno-economic,70.16364126435461
1489,Techno-economic,98.69296682336324
1490,Techno-economic,86.04485002392815
1491,Techno-economic,73.97721150470944
1492,Techno-economic,61.292063603551306
1493,Techno-economic,55.20771573434643
1494,Socio-techno-economic,86.37996238863742
1495,Socio-techno-economic,75.95043119054628
1496,Socio-techno-economic,96.28855506071828
1497,Socio-techno-economic,89.93279630498729
1498,Socio-techno-economic,84.34099215434698
1499,Socio-techno-economic,95.54131486456171
1500,Socio-techno-economic,83.14770693767456
1501,Socio-techno-economic,72.87370769121932
1502,Socio-techno-economic,78.32585690311139
1503,Socio-techno-economic,93.24410949063325
1504,Socio-techno-economic,84.31372549019609
1505,Socio-techno-economic,82.35294117647058
1506,Socio-techno-economic,100.0
1507,Socio-techno-economic,90.7932374262409
1508,Socio-techno-economic,80.32132109933775
1509,Socio-techno-economic,100.0
1510,Socio-techno-economic,89.90366329409521
1511,Socio-techno-economic,100.0
1512,Socio-techno-economic,87.49999999999999
1513,Socio-techno-economic,100.0
1514,Socio-techno-economic,98.32396266144782
1515,Socio-techno-economic,85.34140366804635
1516,Socio-techno-economic,94.65865835047268
1517,Socio-techno-economic,99.99999999999997
1518,Socio-techno-economic,99.99999999999997
1519,Socio-techno-economic,99.99999999999997
1520,Socio-techno-economic,99.99999999999997
1521,Socio-techno-economic,99.99999999999997
1522,Socio-techno-economic,99.99999999999997
1523,Socio-techno-economic,99.99999999999997
1524,Socio-techno-economic,97.53303276348154
1525,Socio-techno-economic,85.78968144881831
1526,Socio-techno-economic,97.67441860465115
1527,Socio-techno-economic,100.0
1528,Socio-techno-economic,100.0
1529,Socio-techno-economic,100.0
1530,Socio-techno-economic,100.0
1531,Socio-techno-economic,100.0
1532,Socio-techno-economic,95.19785033698821
1533,Socio-techno-economic,100.0
1534,Socio-techno-economic,88.56807396048283
1535,Socio-techno-economic,88.24695111618163
1536,Socio-techno-economic,100.0
1537,Socio-techno-economic,100.0
1538,Socio-techno-economic,100.0
1539,Socio-techno-economic,100.0
1540,Socio-techno-economic,100.0
1541,Socio-techno-economic,90.76124772128978
1542,Socio-techno-economic,100.0
1543,Socio-techno-economic,100.0
1544,Socio-techno-economic,100.0
1545,Socio-techno-economic,100.0
1546,Socio-techno-economic,100.0
1547,Socio-techno-economic,100.0
1548,Socio-techno-economic,100.0
1549,Socio-techno-economic,100.0
1550,Socio-techno-economic,91.96949126016716
1551,Socio-techno-economic,100.0
1552,Socio-techno-economic,100.0
1553,Socio-techno-economic,100.0
1554,Socio-techno-economic,100.0
1555,Socio-techno-economic,100.0
1556,Socio-techno-economic,100.0
1557,Socio-techno-economic,89.54491859681364
1558,Socio-techno-economic,100.0
1559,Socio-techno-economic,95.03991233661321
1560,Socio-techno-economic,100.0
1561,Socio-techno-economic,100.0
1562,Socio-techno-economic,100.0
1563,Socio-techno-economic,100.0
1564,Socio-techno-economic,100.0
1565,Socio-techno-economic,100.0
1566,Socio-techno-economic,100.0
1567,Socio-techno-economic,78.39809240460757
1568,Socio-techno-economic,100.0
1569,Socio-techno-economic,94.84914931319743
1570,Socio-techno-economic,95.9612609038522
1571,Socio-techno-economic,84.52496759062058
1572,Socio-techno-economic,100.0
1573,Socio-techno-economic,87.35188320056491
1574,Socio-techno-economic,99.03424468134627
1575,Socio-techno-economic,86.34909678018695
1576,Socio-techno-economic,80.26474891098208
1577,Socio-techno-economic,61.935517944192966
1578,Socio-techno-economic,76.3231688850411
1579,Socio-techno-economic,99.26638305363484
1580,Socio-techno-economic,92.91062429790387
1581,Socio-techno-economic,87.31882014726355
1582,Socio-techno-economic,95.54131486456033
1583,Socio-techno-economic,83.14770693767319
1584,Socio-techno-economic,72.87370769121797
1585,Socio-techno-economic,49.76376539984339
1586,Socio-techno-economic,73.5771921806925
1587,Socio-techno-economic,82.35294117647058
1588,Socio-techno-economic,100.0
1589,Socio-techno-economic,98.48680885501915
1590,Socio-techno-economic,88.66254992384091
1591,Socio-techno-economic,78.19063359693776
1592,Socio-techno-economic,63.921871795793415
1593,Socio-techno-economic,96.04775731211087
1594,Socio-techno-economic,100.0
1595,Socio-techno-economic,88.5573198604867
1596,Socio-techno-economic,100.0
1597,Socio-techno-economic,96.06010719014783
1598,Socio-techno-economic,83.07754819674635
1599,Socio-techno-economic,98.95208725650245
1600,Socio-techno-economic,89.34373336226945
1601,Socio-techno-economic,99.99999999999997
1602,Socio-techno-economic,98.10533736211367
1603,Socio-techno-economic,99.99999999999997
1604,Socio-techno-economic,99.99999999999997
1605,Socio-techno-economic,99.99999999999997
1606,Socio-techno-economic,99.99999999999997
1607,Socio-techno-economic,94.94576936771011
1608,Socio-techno-economic,51.913712456570224
1609,Socio-techno-economic,82.04043726966589
1610,Socio-techno-economic,100.0
1611,Socio-techno-economic,100.0
1612,Socio-techno-economic,97.67441860465115
1613,Socio-techno-economic,100.0
1614,Socio-techno-economic,100.0
1615,Socio-techno-economic,95.19785033698915
1616,Socio-techno-economic,100.0
1617,Socio-techno-economic,88.56807396048283
1618,Socio-techno-economic,88.24695111618163
1619,Socio-techno-economic,87.75427157454416
1620,Socio-techno-economic,100.0
1621,Socio-techno-economic,100.0
1622,Socio-techno-economic,100.0
1623,Socio-techno-economic,100.0
1624,Socio-techno-economic,85.48346994351198
1625,Socio-techno-economic,100.0
1626,Socio-techno-economic,100.0
1627,Socio-techno-economic,100.0
1628,Socio-techno-economic,100.0
1629,Socio-techno-economic,100.0
1630,Socio-techno-economic,100.0
1631,Socio-techno-economic,100.0
1632,Socio-techno-economic,100.0
1633,Socio-techno-economic,91.96949126016716
1634,Socio-techno-economic,100.0
1635,Socio-techno-economic,100.0
1636,Socio-techno-economic,100.0
1637,Socio-techno-economic,100.0
1638,Socio-techno-economic,100.0
1639,Socio-techno-economic,100.0
1640,Socio-techno-economic,89.54491859681364
1641,Socio-techno-economic,100.0
1642,Socio-techno-economic,95.03991233661321
1643,Socio-techno-economic,96.2163282362902
1644,Socio-techno-economic,100.0
1645,Socio-techno-economic,100.0
1646,Socio-techno-economic,100.0
1647,Socio-techno-economic,100.0
1648,Socio-techno-economic,100.0
1649,Socio-techno-economic,100.0
1650,Socio-techno-economic,45.60047335698688
1651,Socio-techno-economic,62.84735806784525
1652,Socio-techno-economic,75.74671724897864
1653,Socio-techno-economic,86.43629331323142
1654,Socio-techno-economic,75.0
1655,Socio-techno-economic,100.0
1656,Socio-techno-economic,87.35188320056491
1657,Socio-techno-economic,89.97882279614679
1658,Socio-techno-economic,77.29367489498748
1659,Socio-techno-economic,71.2093270257826
1660,Socio-techno-economic,70.82440683308222
1661,Socio-techno-economic,73.8703987082441
1662,Socio-techno-economic,95.3196336895272
1663,Socio-techno-economic,88.96387493379622
1664,Socio-techno-economic,83.3720707831559
1665,Socio-techno-economic,95.5413148645617
1666,Socio-techno-economic,83.14770693767456
1667,Socio-techno-economic,72.87370769121932
1668,Socio-techno-economic,70.87487651095454
1669,Socio-techno-economic,98.4137934878821
1670,Socio-techno-economic,90.93286510268503
1671,Socio-techno-economic,82.35294117647058
1672,Socio-techno-economic,98.48680885501928
1673,Socio-techno-economic,88.66254992384106
1674,Socio-techno-economic,78.1906335969379
1675,Socio-techno-economic,75.79687179579338
1676,Socio-techno-economic,98.68664620099975
1677,Socio-techno-economic,100.0
1678,Socio-techno-economic,87.49999999999999
1679,Socio-techno-economic,100.0
1680,Socio-techno-economic,96.06010719014797
1681,Socio-techno-economic,83.0775481967465
1682,Socio-techno-economic,86.22369321695771
1683,Socio-techno-economic,99.99999999999997
1684,Socio-techno-economic,99.99999999999997
1685,Socio-techno-economic,99.99999999999997
1686,Socio-techno-economic,99.99999999999997
1687,Socio-techno-economic,99.99999999999997
1688,Socio-techno-economic,99.99999999999997
1689,Socio-techno-economic,99.99999999999997
1690,Socio-techno-economic,94.94576936771028
1691,Socio-techno-economic,85.78968144881831
1692,Socio-techno-economic,100.0
1693,Socio-techno-economic,98.75249268698593
1694,Socio-techno-economic,100.0
1695,Socio-techno-economic,99.24311882162074
1696,Socio-techno-economic,100.0
1697,Socio-techno-economic,100.0
1698,Socio-techno-economic,95.19785033698821
1699,Socio-techno-economic,100.0
1700,Socio-techno-economic,88.56807396048283
1701,Socio-techno-economic,88.24695111618163
1702,Socio-techno-economic,100.0
1703,Socio-techno-economic,100.0
1704,Socio-techno-economic,100.0
1705,Socio-techno-economic,100.0
1706,Socio-techno-economic,100.0
1707,Socio-techno-economic,90.76124772128978
1708,Socio-techno-economic,100.0
1709,Socio-techno-economic,100.0
1710,Socio-techno-economic,100.0
1711,Socio-techno-economic,100.0
1712,Socio-techno-economic,100.0
1713,Socio-techno-economic,100.0
1714,Socio-techno-economic,100.0
1715,Socio-techno-economic,100.0
1716,Socio-techno-economic,91.96949126016716
1717,Socio-techno-economic,100.0
1718,Socio-techno-economic,100.0
1719,Socio-techno-economic,100.0
1720,Socio-techno-economic,100.0
1721,Socio-techno-economic,100.0
1722,Socio-techno-economic,100.0
1723,Socio-techno-economic,89.54491859681364
1724,Socio-techno-economic,100.0
1725,Socio-techno-economic,95.03991233661321
1726,Socio-techno-economic,100.0
1727,Socio-techno-economic,100.0
1728,Socio-techno-economic,100.0
1729,Socio-techno-economic,100.0
1730,Socio-techno-economic,100.0
1731,Socio-techno-economic,100.0
1732,Socio-techno-economic,100.0
1733,Socio-techno-economic,64.82666383317738
1734,Socio-techno-economic,89.9902152107008
1735,Socio-techno-economic,81.18606123792091
1736,Socio-techno-economic,96.94748444238628
1737,Socio-techno-economic,85.51119112915462
1738,Socio-techno-economic,100.0
1739,Socio-techno-economic,87.35188320056491
1740,Socio-techno-economic,89.9788227961469
1741,Socio-techno-economic,77.29367489498759
1742,Socio-techno-economic,71.20932702578273
1743,Socio-techno-economic,61.935517944192966
1744,Socio-techno-economic,65.94986734261292
1745,Socio-techno-economic,94.06576899056279
1746,Socio-techno-economic,87.7100102348318
1747,Socio-techno-economic,82.11820608419148
1748,Socio-techno-economic,95.54131486456032
1749,Socio-techno-economic,83.14770693767319
1750,Socio-techno-economic,72.87370769121797
1751,Socio-techno-economic,49.76376539984339
1752,Socio-techno-economic,73.57719218069417
1753,Socio-techno-economic,78.15977010904585
1754,Socio-techno-economic,83.46717084092798
1755,Socio-techno-economic,98.48680885501916
1756,Socio-techno-economic,88.66254992384094
1757,Socio-techno-economic,78.19063359693776
1758,Socio-techno-economic,63.921871795793415
1759,Socio-techno-economic,93.39488416675987
1760,Socio-techno-economic,83.0447557408612
1761,Socio-techno-economic,100.0
1762,Socio-techno-economic,91.50242402754995
1763,Socio-techno-economic,96.06010719014785
1764,Socio-techno-economic,83.07754819674638
1765,Socio-techno-economic,74.1732140548679
1766,Socio-techno-economic,89.50339139354611
1767,Socio-techno-economic,99.99999999999997
1768,Socio-techno-economic,98.10533736211804
1769,Socio-techno-economic,99.99999999999997
1770,Socio-techno-economic,99.99999999999997
1771,Socio-techno-economic,99.99999999999997
1772,Socio-techno-economic,99.99999999999997
1773,Socio-techno-economic,94.94576936771013
1774,Socio-techno-economic,85.78968144881831
1775,Socio-techno-economic,100.0
1776,Socio-techno-economic,87.00672317365779
1777,Socio-techno-economic,100.0
1778,Socio-techno-economic,98.91196303307261
1779,Socio-techno-economic,100.0
1780,Socio-techno-economic,100.0
1781,Socio-techno-economic,95.19785033698824
1782,Socio-techno-economic,100.0
1783,Socio-techno-economic,88.56807396048283
1784,Socio-techno-economic,88.24695111618163
1785,Socio-techno-economic,87.75427157453987
1786,Socio-techno-economic,100.0
1787,Socio-techno-economic,100.0
1788,Socio-techno-economic,100.0
1789,Socio-techno-economic,100.0
1790,Socio-techno-economic,85.48346994351198
1791,Socio-techno-economic,100.0
1792,Socio-techno-economic,100.0
1793,Socio-techno-economic,100.0
1794,Socio-techno-economic,100.0
1795,Socio-techno-economic,100.0
1796,Socio-techno-economic,100.0
1797,Socio-techno-economic,100.0
1798,Socio-techno-economic,100.0
1799,Socio-techno-economic,91.96949126016717
1800,Socio-techno-economic,62.14053933971765
1801,Socio-techno-economic,100.0
1802,Socio-techno-economic,100.0
1803,Socio-techno-economic,100.0
1804,Socio-techno-economic,100.0
1805,Socio-techno-economic,100.0
1806,Socio-techno-economic,89.54491859681364
1807,Socio-techno-economic,100.0
1808,Socio-techno-economic,95.03991233661537
1809,Socio-techno-economic,96.38826765458812
1810,Socio-techno-economic,100.0
1811,Socio-techno-economic,100.0
1812,Socio-techno-economic,100.0
1813,Socio-techno-economic,100.0
1814,Socio-techno-economic,100.0
1815,Socio-techno-economic,100.0
1816,Socio-techno-economic,45.60047335698688
1817,Socio-techno-economic,62.84735806784371
1818,Socio-techno-economic,71.18121920645247
1819,Socio-techno-economic,98.06315470342072
1820,Socio-techno-economic,86.62686139018906
1821,Socio-techno-economic,100.0
1822,Socio-techno-economic,87.35188320056491
1823,Socio-techno-economic,89.9788227961468
1824,Socio-techno-economic,77.29367489498749
1825,Socio-techno-economic,71.20932702578261
1826,Socio-techno-economic,76.37996238863741
1827,Socio-techno-economic,94.18253845140401
1828,Socio-techno-economic,85.63177343268708
1829,Socio-techno-economic,79.27601467695611
1830,Socio-techno-economic,73.68421052631578
1831,Socio-techno-economic,95.5413148645617
1832,Socio-techno-economic,83.14770693767456
1833,Socio-techno-economic,72.87370769121932
1834,Socio-techno-economic,73.35853664167348
1835,Socio-techno-economic,92.91299383910382
1836,Socio-techno-economic,100.0
1837,Socio-techno-economic,98.03342654860216
1838,Socio-techno-economic,98.48680885501928
1839,Socio-techno-economic,88.66254992384106
1840,Socio-techno-economic,78.1906335969379
1841,Socio-techno-economic,78.43576068468231
1842,Socio-techno-economic,87.49999999999999
1843,Socio-techno-economic,100.0
1844,Socio-techno-economic,88.32926455876357
1845,Socio-techno-economic,100.0
1846,Socio-techno-economic,96.06010719014797
1847,Socio-techno-economic,83.0775481967465
1848,Socio-techno-economic,87.89917822577618
1849,Socio-techno-economic,99.99999999999997
1850,Socio-techno-economic,99.99999999999997
1851,Socio-techno-economic,99.99999999999997
1852,Socio-techno-economic,99.99999999999997
1853,Socio-techno-economic,99.99999999999997
1854,Socio-techno-economic,99.99999999999997
1855,Socio-techno-economic,99.99999999999997
1856,Socio-techno-economic,94.94576936771028
1857,Socio-techno-economic,85.78968144881974
1858,Socio-techno-economic,97.67441860465115
1859,Socio-techno-economic,98.11602126364735
1860,Socio-techno-economic,98.60010927489886
1861,Socio-techno-economic,98.08384125430194
1862,Socio-techno-economic,100.0
1863,Socio-techno-economic,100.0
1864,Socio-techno-economic,95.19785033698821
1865,Socio-techno-economic,100.0
1866,Socio-techno-economic,88.56807396048283
1867,Socio-techno-economic,88.24695111618163
1868,Socio-techno-economic,100.0
1869,Socio-techno-economic,100.0
1870,Socio-techno-economic,100.0
1871,Socio-techno-economic,100.0
1872,Socio-techno-economic,100.0
1873,Socio-techno-economic,90.76124772128978
1874,Socio-techno-economic,100.0
1875,Socio-techno-economic,100.0
1876,Socio-techno-economic,100.0
1877,Socio-techno-economic,100.0
1878,Socio-techno-economic,100.0
1879,Socio-techno-economic,100.0
1880,Socio-techno-economic,100.0
1881,Socio-techno-economic,100.0
1882,Socio-techno-economic,91.96949126016716
1883,Socio-techno-economic,100.0
1884,Socio-techno-economic,100.0
1885,Socio-techno-economic,100.0
1886,Socio-techno-economic,100.0
1887,Socio-techno-economic,100.0
1888,Socio-techno-economic,100.0
1889,Socio-techno-economic,89.54491859681364
1890,Socio-techno-economic,100.0
1891,Socio-techno-economic,95.03991233661321
1892,Socio-techno-economic,100.0
1893,Socio-techno-economic,100.0
1894,Socio-techno-economic,100.0
1895,Socio-techno-economic,100.0
1896,Socio-techno-economic,100.0
1897,Socio-techno-economic,100.0
1898,Socio-techno-economic,100.0
1899,Socio-techno-economic,65.95761621412976
1900,Socio-techno-economic,83.8041539727799
1901,Socio-techno-economic,75.0
1902,Socio-techno-economic,100.0
1903,Socio-techno-economic,88.56370668676836
1904,Socio-techno-economic,100.0
1905,Socio-techno-economic,87.35188320056491
1906,Socio-techno-economic,89.9788227961469
1907,Socio-techno-economic,77.29367489498759
1908,Socio-techno-economic,71.20932702578273
1909,Socio-techno-economic,61.935517944192966
1910,Socio-techno-economic,65.95043119054628
1911,Socio-techno-economic,78.51077728294055
1912,Socio-techno-economic,73.20050427555918
1913,Socio-techno-economic,69.91310174880329
1914,Socio-techno-economic,95.54131486455947
1915,Socio-techno-economic,83.14770693767233
1916,Socio-techno-economic,72.8737076912178
1917,Socio-techno-economic,49.76376539984339
1918,Socio-techno-economic,73.57719218069472
1919,Socio-techno-economic,84.89886165475204
1920,Socio-techno-economic,100.0
1921,Socio-techno-economic,85.55142152210342
1922,Socio-techno-economic,88.66254992384076
1923,Socio-techno-economic,78.1906335969376
1924,Socio-techno-economic,63.921871795793415
1925,Socio-techno-economic,78.8949795343335
1926,Socio-techno-economic,84.37818444176823
1927,Socio-techno-economic,99.76342353992644
1928,Socio-techno-economic,100.0
1929,Socio-techno-economic,96.06010719014783
1930,Socio-techno-economic,83.07754819674635
1931,Socio-techno-economic,97.01579759884567
1932,Socio-techno-economic,87.40744370461267
1933,Socio-techno-economic,99.99999999999997
1934,Socio-techno-economic,98.10533736211701
1935,Socio-techno-economic,99.99999999999997
1936,Socio-techno-economic,99.99999999999997
1937,Socio-techno-economic,99.99999999999997
1938,Socio-techno-economic,99.99999999999997
1939,Socio-techno-economic,94.94576936771011
1940,Socio-techno-economic,76.95247214649274
1941,Socio-techno-economic,92.35051478904398
1942,Socio-techno-economic,100.0
1943,Socio-techno-economic,100.0
1944,Socio-techno-economic,90.69630071658887
1945,Socio-techno-economic,100.0
1946,Socio-techno-economic,100.0
1947,Socio-techno-economic,95.19785033698915
1948,Socio-techno-economic,100.0
1949,Socio-techno-economic,88.56807396048356
1950,Socio-techno-economic,88.24695111618334
1951,Socio-techno-economic,87.75427157454499
1952,Socio-techno-economic,100.0
1953,Socio-techno-economic,100.0
1954,Socio-techno-economic,100.0
1955,Socio-techno-economic,100.0
1956,Socio-techno-economic,85.48346994351198
1957,Socio-techno-economic,100.0
1958,Socio-techno-economic,100.0
1959,Socio-techno-economic,100.0
1960,Socio-techno-economic,100.0
1961,Socio-techno-economic,100.0
1962,Socio-techno-economic,100.0
1963,Socio-techno-economic,100.0
1964,Socio-techno-economic,100.0
1965,Socio-techno-economic,91.9694912601676
1966,Socio-techno-economic,62.14053933971765
1967,Socio-techno-economic,100.0
1968,Socio-techno-economic,100.0
1969,Socio-techno-economic,100.0
1970,Socio-techno-economic,100.0
1971,Socio-techno-economic,100.0
1972,Socio-techno-economic,89.54491859681411
1973,Socio-techno-economic,100.0
1974,Socio-techno-economic,95.03991233661537
1975,Socio-techno-economic,100.0
1976,Socio-techno-economic,100.0
1977,Socio-techno-economic,100.0
1978,Socio-techno-economic,100.0
1979,Socio-techno-economic,100.0
1980,Socio-techno-economic,100.0
1981,Socio-techno-economic,100.0
1982,Socio-techno-economic,45.60047335698688
1983,Socio-techno-economic,62.84735806784615
1984,Socio-techno-economic,81.18606123792684
1985,Socio-techno-economic,82.90696775422278
1986,Socio-techno-economic,71.47067444099076
1987,Socio-techno-economic,100.0
1988,Socio-techno-economic,87.3518832005653
1989,Socio-techno-economic,89.97882279614679
1990,Socio-techno-economic,77.29367489498748
1991,Socio-techno-economic,71.2093270257826
